City_ID,City,Lat,Lng,Max Temp,Humidity,Cloudiness,Wind Speed,Country,Date
0,waitangi,-43.9535,-176.5597,52.83,75,100,8.01,NZ,1701285257
1,ust-nera,64.5667,143.2,-14.58,99,74,5.91,RU,1701285111
2,nova sintra,14.8667,-24.7167,71.04,71,2,13.33,CV,1701285259
3,west island,-12.1568,96.8225,76.98,78,38,6.91,CC,1701285260
4,albany,42.6001,-73.9662,34.34,55,100,1.99,US,1701285237
5,bilibino,68.0546,166.4372,-31.16,99,38,3.36,RU,1701285261
6,whitehorse,60.7161,-135.0538,14.09,84,75,17.27,CA,1701285263
7,adamstown,-25.066,-130.1015,71.13,76,100,6.58,PN,1701285264
8,malanje,-9.5402,16.341,64.69,98,97,4.16,AO,1701285264
9,bethel,41.3712,-73.414,38.21,52,20,9.22,US,1701285265
10,choma,-16.8065,26.9531,71.55,56,86,3.87,ZM,1701285266
11,gadzhiyevo,69.2551,33.3362,27.97,89,100,12.64,RU,1701285267
12,longyearbyen,78.2186,15.6401,30.04,80,100,16.11,SJ,1701285268
13,ushuaia,-54.8,-68.3,49.62,53,75,11.5,AR,1701285081
14,blackmans bay,-43.0167,147.3167,53.73,83,100,6.76,AU,1701285270
15,raduzhny,62.0961,77.475,10.13,94,30,4.0,RU,1701285271
16,urumqi,43.801,87.6005,27.55,93,75,2.24,CN,1701285271
17,la ronge,55.1001,-105.2842,28.65,74,75,18.41,CA,1701285271
18,grytviken,-54.2811,-36.5092,34.72,99,100,1.32,GS,1701285272
19,bredasdorp,-34.5322,20.0403,63.9,72,41,17.63,ZA,1701285272
20,kodiak,57.79,-152.4072,35.11,93,100,11.5,US,1701285171
21,tazovsky,67.4667,78.7,6.87,93,100,8.21,RU,1701285272
22,lazaro cardenas,17.9583,-102.2,84.96,66,35,6.08,MX,1701285167
23,acarau,-2.8856,-40.12,85.46,62,23,16.96,BR,1701285178
24,puerto natales,-51.7236,-72.4875,50.45,50,75,19.57,CL,1701285273
25,lebu,-37.6167,-73.65,59.04,71,1,14.43,CL,1701285273
26,invercargill,-46.4,168.35,47.01,91,100,8.01,NZ,1701285274
27,thompson,55.7435,-97.8558,3.36,78,75,6.91,CA,1701285274
28,betio village,1.358,172.9211,80.64,68,100,2.3,KI,1701285274
29,port-aux-francais,-49.35,70.2167,39.18,97,100,27.92,TF,1701285275
30,mweka,-4.85,21.5667,68.77,96,100,2.33,CD,1701285275
31,al mijlad,11.0333,27.7333,87.64,23,100,9.84,SD,1701285275
32,nar'yan-mar,67.6713,53.087,8.11,93,92,10.0,RU,1701285276
33,ad diwaniyah,31.9905,44.9306,57.83,42,0,10.71,IQ,1701285276
34,yellowknife,62.456,-114.3525,13.41,92,75,6.91,CA,1701285248
35,petauke,-14.2426,31.3253,70.93,74,100,6.31,ZM,1701285276
36,dingzhou,38.5131,114.9956,21.31,28,0,4.79,CN,1701285277
37,tiksi,71.6872,128.8694,14.76,89,100,24.09,RU,1701285215
38,daru,-9.0763,143.2092,79.38,84,61,6.38,PG,1701285277
39,malango,-2.9627,119.9001,67.77,97,100,2.17,ID,1701285277
40,college,64.8569,-147.8028,19.72,88,75,3.44,US,1701285277
41,gizo,-8.103,156.8419,81.66,82,19,6.71,SB,1701285278
42,edinburgh of the seven seas,-37.0676,-12.3116,54.68,70,67,23.98,SH,1701285278
43,sumbawa besar,-8.5,117.4333,75.4,93,93,3.22,ID,1701285278
44,jamestown,42.097,-79.2353,27.99,55,100,13.8,US,1701285233
45,hermanus,-34.4187,19.2345,65.19,66,70,15.88,ZA,1701285279
46,susuman,62.7833,148.1667,-5.22,100,100,1.03,RU,1701285279
47,cartagena,10.3997,-75.5144,87.42,74,40,6.91,CO,1701285223
48,boda,4.3189,17.4695,73.47,85,91,4.36,CF,1701285279
49,mbanza kongo,-6.267,14.2401,70.02,91,22,1.72,AO,1701285280
50,kapa'a,22.0752,-159.319,72.48,92,100,8.05,US,1701285280
51,swift current,50.2834,-107.8014,34.61,69,0,13.8,CA,1701285272
52,amble,55.3333,-1.5833,38.3,87,100,13.8,GB,1701285281
53,polyarnyy,69.1989,33.4478,26.85,90,98,11.36,RU,1701285281
54,valparaiso,-33.0393,-71.6273,80.83,45,0,19.57,CL,1701285261
55,saipan,15.1355,145.701,81.3,78,40,19.57,MP,1701285281
56,kirensk,57.7853,108.1119,2.97,87,100,5.01,RU,1701285281
57,mount pearl,47.5166,-52.7813,37.06,93,100,14.97,CA,1701285282
58,tamiahua,21.2667,-97.45,64.58,90,100,6.67,MX,1701285282
59,margaret river,-33.95,115.0667,62.78,81,100,9.73,AU,1701285282
60,aasiaat,68.7098,-52.8699,29.05,68,100,26.37,GL,1701285283
61,qaqortoq,60.7167,-46.0333,31.91,65,100,16.2,GL,1701285283
62,isafjordur,66.0755,-23.124,36.97,94,100,5.17,IS,1701285284
63,naze,28.3667,129.4833,58.12,65,55,4.83,JP,1701285284
64,constantia,44.1833,28.65,41.7,81,100,15.03,RO,1701285226
65,fada,9.5667,8.3,75.85,37,54,2.53,NG,1701285289
66,diawara,15.022,-12.5437,87.53,13,0,7.43,SN,1701285290
67,hamilton,39.1834,-84.5333,46.65,52,0,14.97,US,1701285290
68,christchurch,-43.5333,172.6333,55.33,86,100,3.44,NZ,1701285025
69,san-pedro,4.7485,-6.6363,79.43,84,38,5.26,CI,1701285291
70,pedernales,18.0384,-71.744,84.27,62,12,2.44,DO,1701285291
71,port lincoln,-34.7333,135.8667,60.03,86,100,14.52,AU,1701285291
72,kenai,60.5544,-151.2583,36.14,89,100,18.41,US,1701285291
73,wuyang,31.9925,116.2472,42.01,33,99,10.38,CN,1701285292
74,portland,45.5234,-122.6762,42.49,71,75,7.0,US,1701285292
75,kingston,17.997,-76.7936,88.25,75,93,1.99,JM,1701285109
76,harper,4.375,-7.7169,77.7,86,100,3.09,LR,1701285038
77,lompoc,34.6391,-120.4579,67.01,70,75,3.44,US,1701285293
78,ulsteinvik,62.3432,5.8487,33.75,69,75,5.01,NO,1701285293
79,xinyuan,37.3,99.0,15.82,49,26,6.35,CN,1701285293
80,winchester,51.0651,-1.3187,39.51,91,20,5.75,GB,1701285022
81,fort bragg,35.139,-79.006,49.91,28,0,8.05,US,1701285294
82,tsiombe,-25.3,45.4833,75.78,88,18,4.14,MG,1701285294
83,bereznik,62.8551,42.7072,5.43,98,68,3.27,RU,1701285294
84,olonkinbyen,70.9221,-8.7187,29.52,95,95,16.69,SJ,1701285294
85,puerto ayora,-0.7393,-90.3518,82.36,84,87,7.0,EC,1701285294
86,touros,-5.1989,-35.4608,82.04,67,85,16.04,BR,1701285295
87,eten,-6.9081,-79.8642,77.25,61,0,19.57,PE,1701285295
88,petropavlovsk-kamchatsky,53.0452,158.6483,21.79,65,75,8.01,RU,1701285295
89,palapye,-22.546,27.1251,78.73,45,81,15.08,BW,1701285295
90,avarua,-21.2078,-159.775,77.05,78,40,20.71,CK,1701285296
91,rosarito,32.3333,-117.0333,67.12,60,4,6.71,MX,1701285296
92,tuzha,57.6062,47.936,3.33,100,82,2.98,RU,1701285296
93,port mathurin,-19.6833,63.4167,77.22,70,0,12.3,MU,1701285296
94,namibe,-15.1961,12.1522,75.16,78,99,3.13,AO,1701285297
95,ron,15.6667,75.7333,76.23,70,77,9.55,IN,1701285297
96,winterset,41.3308,-94.0138,52.83,49,85,8.25,US,1701285297
97,chonchi,-42.6128,-73.8092,58.21,88,100,6.82,CL,1701285297
98,tura,25.5198,90.2201,64.26,86,0,3.31,IN,1701285298
99,amalapuram,16.5833,82.0167,75.34,81,100,5.1,IN,1701285298
100,vorgashor,67.5833,63.95,13.24,96,88,5.06,RU,1701285298
101,talnakh,69.4865,88.3972,-12.51,98,80,4.36,RU,1701285298
102,san pedro pochutla,15.7333,-96.4667,89.31,55,100,8.25,MX,1701285298
103,quellon,-43.1167,-73.6167,52.5,91,100,11.74,CL,1701285299
104,hawaiian paradise park,19.5933,-154.9731,75.04,98,100,1.01,US,1701285299
105,nova borova,50.693,28.6345,24.3,87,100,22.66,UA,1701285300
106,alofi,-19.0595,-169.9187,80.49,78,69,9.22,NU,1701285300
107,puerto ayacucho,5.6639,-67.6236,91.87,51,74,6.13,VE,1701285301
108,balsas,-7.5325,-46.0356,97.52,28,21,8.68,BR,1701285301
109,udachny,66.4167,112.4,5.45,91,100,27.47,RU,1701285301
110,katsuura,35.1333,140.3,56.53,55,100,32.44,JP,1701285301
111,mersa matruh,31.3525,27.2453,64.76,45,100,9.48,EG,1701285302
112,altay,47.8667,88.1167,25.65,49,38,8.34,CN,1701285302
113,diu,20.7141,70.9822,71.83,59,0,8.66,IN,1701285303
114,codrington,-38.2667,141.9667,55.94,86,100,14.76,AU,1701285303
115,minas de marcona,-15.2119,-75.1103,68.65,56,31,15.9,PE,1701285303
116,kivsharivka,49.6213,37.7036,37.47,89,74,13.67,UA,1701285304
117,changsu,35.6484,127.5152,23.9,78,88,5.35,KR,1701285304
118,sinop,41.7711,34.8709,46.36,76,100,10.31,TR,1701285304
119,itati,-27.2704,-58.2446,94.71,53,16,5.26,AR,1701285305
120,hadibu,12.65,54.0333,78.66,72,42,14.88,YE,1701285305
121,colonia,50.9333,6.95,36.97,87,20,5.75,DE,1701285023
122,kertih,4.5141,103.4483,78.82,94,100,2.3,MY,1701285306
123,bandarbeyla,9.4942,50.8122,80.02,76,62,20.69,SO,1701285306
124,walvis bay,-22.9575,14.5053,63.09,76,13,5.01,NA,1701285306
125,taoudenni,22.6783,-3.9836,73.36,12,0,7.58,ML,1701285307
126,port elizabeth,-33.918,25.5701,62.31,78,20,5.75,ZA,1701285307
127,sitka,57.0531,-135.33,42.69,56,100,19.57,US,1701285307
128,rauna,57.3322,25.6067,17.65,95,100,9.24,LV,1701285308
129,pisco,-13.7,-76.2167,70.02,78,27,10.36,PE,1701285308
130,oberviechtach,49.4667,12.4167,31.24,97,100,7.72,DE,1701285308
131,saint-philippe,-21.3585,55.7679,74.79,82,54,8.55,RE,1701285308
132,fort dodge,42.4975,-94.168,48.2,57,0,9.22,US,1701285309
133,east ballina,-28.8667,153.5833,68.49,83,0,10.33,AU,1701285309
134,afaahiti,-17.75,-149.2833,84.07,87,97,20.22,PF,1701285310
135,puerto aysen,-45.4,-72.7,50.2,99,100,5.79,CL,1701285310
136,thinadhoo,0.5333,72.9333,82.38,74,83,9.22,MV,1701285310
137,chernyshevskiy,63.0128,112.4714,-10.75,94,43,7.83,RU,1701285311
138,gaiman,-43.2897,-65.4929,83.79,14,2,13.69,AR,1701285311
139,badger,64.8,-147.5333,19.65,90,75,3.44,US,1701285312
140,alice springs,-23.7,133.8833,67.55,88,40,6.91,AU,1701285312
141,port alfred,-33.5906,26.891,62.19,79,0,8.37,ZA,1701285312
142,amahai,-3.3333,128.9167,78.91,85,53,3.36,ID,1701285312
143,kristiansund,63.1115,7.732,27.25,68,0,5.75,NO,1701285313
144,enewetak,11.3474,162.3373,81.48,80,100,22.03,MH,1701285313
145,orkney,-26.9802,26.6727,69.22,38,74,7.27,ZA,1701285313
146,pacocha,-17.5833,-71.3333,73.54,57,75,4.61,PE,1701285314
147,esquel,-42.9,-71.3167,49.62,79,100,10.45,AR,1701285314
148,mbeni,-11.5014,43.3775,75.76,77,5,5.1,KM,1701285314
149,quepos,9.4236,-84.1652,83.75,73,35,5.32,CR,1701285315
150,punta arenas,-53.15,-70.9167,51.12,43,100,15.99,CL,1701285076
151,boa vista,2.8197,-60.6733,93.18,38,40,14.97,BR,1701285226
152,shar'ya,58.3686,45.5144,12.97,98,80,3.0,RU,1701285315
153,vorkuta,67.5,64.0,17.91,97,100,4.65,RU,1701285048
154,darnah,32.767,22.6367,66.33,41,100,18.34,LY,1701285316
155,menongue,-14.6585,17.691,69.84,74,100,4.99,AO,1701285316
156,saldanha,-33.0117,17.9442,64.45,82,62,14.27,ZA,1701285317
157,ts'nori,41.6209,45.9694,43.86,43,100,5.84,GE,1701285317
158,iqaluit,63.7506,-68.5145,37.13,74,100,19.57,CA,1701285317
159,yebaishou,41.3975,119.6408,11.79,48,0,4.27,CN,1701285318
160,makushino,55.2103,67.2442,27.28,89,100,8.03,RU,1701285318
161,surskoye,54.4821,46.7214,11.1,97,100,3.91,RU,1701285318
162,wakkanai,45.4094,141.6739,24.1,79,100,11.01,JP,1701285319
163,ulladulla,-35.35,150.4667,62.76,88,79,5.44,AU,1701285319
164,lihue,21.9789,-159.3672,71.74,90,100,8.05,US,1701285319
165,barrancabermeja,7.0653,-73.8547,93.52,52,20,2.3,CO,1701285320
166,mount gambier,-37.8333,140.7667,57.65,76,100,11.52,AU,1701285320
167,cockburn town,21.4612,-71.1419,80.28,76,42,10.98,TC,1701285320
168,ambon,-3.6954,128.1814,75.34,94,40,4.61,ID,1701285321
169,fort st. john,56.2499,-120.8529,30.09,51,20,6.91,CA,1701285287
170,nuriootpa,-34.4833,139.0,58.55,92,56,9.64,AU,1701285321
171,belo sur tsiribihina,-19.7,44.55,78.17,87,1,2.35,MG,1701285321
172,richards bay,-28.783,32.0377,71.26,59,100,16.13,ZA,1701285103
173,sos'va,59.1766,61.8558,22.05,99,100,3.0,RU,1701285322
174,la libertad,-2.2333,-80.9,78.46,73,75,9.22,EC,1701285322
175,tindouf,27.6711,-8.1474,66.65,26,0,6.91,DZ,1701285323
176,kirakira,-10.4544,161.9205,79.74,87,100,7.74,SB,1701285323
177,chimore,-16.9833,-65.1333,79.7,93,100,3.65,BO,1701285323
178,kuqa,41.7278,82.9364,36.46,44,94,5.3,CN,1701285324
179,plettenberg bay,-34.0527,23.3716,63.32,77,5,15.03,ZA,1701285324
180,kandiari,26.9156,68.5216,68.43,37,0,4.03,PK,1701285324
181,egilsstadir,65.2653,-14.3948,33.71,86,100,5.75,IS,1701285324
182,remire-montjoly,4.9167,-52.2667,86.04,70,100,14.97,GF,1701285325
183,demopolis,32.5176,-87.8364,58.95,33,0,3.44,US,1701285302
184,ancud,-41.8697,-73.8203,52.79,93,100,14.45,CL,1701285325
185,poyang,28.9924,116.6675,52.02,69,83,16.28,CN,1701285326
186,olyokminsk,60.3736,120.4264,6.31,92,100,13.35,RU,1701285326
187,karungdong,5.8844,121.263,80.11,84,100,4.5,PH,1701285326
188,tulagi,-9.0996,160.1476,81.77,80,92,13.09,SB,1701285326
189,buala,-8.145,159.5921,80.06,86,82,3.98,SB,1701285327
190,constitucion,-35.3333,-72.4167,65.95,55,0,19.84,CL,1701285327
191,stanley,54.868,-1.6985,35.76,93,75,16.11,GB,1701285327
192,viqueque,-8.8673,126.3658,78.58,89,100,2.01,TL,1701285328
193,ribeira grande,38.5167,-28.7,63.0,82,75,18.41,PT,1701285328
194,soe,-9.8607,124.284,68.32,89,75,1.52,ID,1701285328
195,la gi,10.6667,107.7833,77.07,89,85,6.69,VN,1701285328
196,mejit,10.2753,170.8646,80.8,76,100,19.91,MH,1701285329
197,san antonio de pale,-1.4014,5.6325,81.07,81,35,7.14,GQ,1701285329
198,nogliki,51.8333,143.1667,10.35,80,100,15.01,RU,1701285330
199,murun-kuren,49.6342,100.1625,-0.99,93,20,2.66,MN,1701285330
200,taulaga,-11.0553,-171.0883,83.48,76,100,16.51,AS,1701285330
201,salekhard,66.53,66.6019,14.45,95,100,11.79,RU,1701285331
202,uturoa,-16.7333,-151.4333,80.1,82,100,19.89,PF,1701285331
203,grand falls-windsor,48.9332,-55.6649,30.51,92,100,8.61,CA,1701285331
204,south venice,27.0531,-82.4243,73.44,42,0,6.91,US,1701285332
205,ilulissat,69.2167,-51.1,37.42,41,75,28.77,GL,1701285332
206,paghman,34.5875,68.9533,40.6,47,95,1.95,AF,1701285332
207,palu,-0.8917,119.8707,76.33,96,100,2.19,ID,1701285332
208,dudinka,69.4058,86.1778,-18.96,100,99,2.57,RU,1701285333
209,sao vicente,-23.9631,-46.3919,83.95,64,75,8.99,BR,1701285333
210,nouadhibou,20.931,-17.0347,71.58,46,73,6.91,MR,1701285333
211,sisimiut,66.9395,-53.6735,35.38,55,100,21.9,GL,1701285334
212,canto del llano,8.1761,-80.973,77.92,75,100,8.01,PA,1701285334
213,surgut,61.25,73.4167,19.9,85,0,7.0,RU,1701285334
214,morris,40.8334,-74.5329,36.0,46,40,11.5,US,1701285335
215,sovetskaya gavan',48.9723,140.2878,5.11,73,100,9.89,RU,1701285335
216,carnarvon,-24.8667,113.6333,70.18,71,0,15.41,AU,1701285335
217,metlili chaamba,32.2667,3.6333,63.54,19,0,0.0,DZ,1701285336
218,vila velha,-20.3297,-40.2925,87.75,74,20,17.27,BR,1701285336
219,rongelap,11.1635,166.8941,81.36,77,100,21.3,MH,1701285336
220,cole harbour,44.6724,-63.4751,31.98,65,40,20.71,CA,1701285337
221,nadym,65.5333,72.5167,19.45,96,100,7.47,RU,1701285337
222,puerto baquerizo moreno,-0.9,-89.6,81.59,78,40,14.97,EC,1701285164
223,boguchany,58.3814,97.4531,9.86,90,100,3.0,RU,1701285338
224,daga,27.0753,89.8769,48.04,70,2,5.84,BT,1701285338
225,falam,22.9167,93.6833,54.36,93,100,0.76,MM,1701285339
226,gilgit,35.9221,74.3087,49.39,56,100,1.77,PK,1701285339
227,bamboo flat,11.7,92.7167,82.49,78,75,5.75,IN,1701285339
228,banda aceh,5.5577,95.3222,77.56,86,100,4.14,ID,1701285339
229,sagar,23.8333,78.7167,64.47,89,4,5.44,IN,1701285339
230,aral,40.5156,81.2636,37.0,43,18,6.62,CN,1701285340
231,anadyr,64.75,177.4833,27.1,86,75,20.13,RU,1701285340
232,whakatane,-37.9585,176.9854,62.51,87,61,3.62,NZ,1701285340
233,laoag,18.1989,120.5936,78.71,78,100,3.44,PH,1701285340
234,paka,4.6374,103.4368,78.73,94,100,2.3,MY,1701285341
235,paramirim,-13.4425,-42.2389,90.41,27,100,3.78,BR,1701285341
236,talara,-4.5772,-81.2719,83.16,57,0,17.27,PE,1701285342
237,kavieng,-2.5744,150.7967,81.43,79,99,5.91,PG,1701285342
238,urangan,-25.3,152.9,74.68,93,43,10.49,AU,1701285342
239,klyuchi,52.2667,79.1667,34.43,60,100,11.39,RU,1701285342
240,laghouat,33.8,2.8651,60.28,27,19,7.63,DZ,1701285343
241,la grande,45.3246,-118.0877,43.05,63,71,3.56,US,1701285343
242,emmett,43.8735,-116.4993,38.19,74,96,1.01,US,1701285343
243,east london,-33.0153,27.9116,65.35,61,2,5.44,ZA,1701285313
244,luderitz,-26.6481,15.1594,66.74,60,0,16.28,NA,1701285344
245,antsiranana,-12.2787,49.2917,78.01,87,73,5.95,MG,1701285344
246,nikel,69.4128,30.222,30.38,95,96,9.26,RU,1701285344
247,weno,7.4515,151.8468,84.15,74,75,6.91,FM,1701285345
248,i-n-salah,27.1935,2.4607,65.62,19,0,4.41,DZ,1701285345
249,kerema,-7.9631,145.7785,77.58,86,65,2.8,PG,1701285345
250,mar del plata,-38.0023,-57.5575,79.83,63,100,12.01,AR,1701285103
251,santa elena de uairen,4.6167,-61.1333,85.17,33,5,5.01,VE,1701285346
252,tarawa,1.419,172.984,80.69,89,100,3.44,KI,1701285346
253,san luis de la loma,17.2706,-100.8939,84.81,69,100,5.86,MX,1701285347
254,georgetown,5.4112,100.3354,80.94,92,20,5.75,MY,1701285259
255,almeirim,-1.5233,-52.5817,94.84,37,28,3.76,BR,1701285347
256,arba minch,6.0333,37.55,71.4,55,100,2.48,ET,1701285347
257,ruzayevka,54.0639,44.9509,19.27,95,100,12.48,RU,1701285347
258,tynda,55.1667,124.7167,-0.85,88,100,5.3,RU,1701285348
259,greymouth,-42.4667,171.2,52.99,88,100,8.14,NZ,1701285348
260,vadso,70.0744,29.7487,32.16,74,75,16.11,NO,1701285348
261,egersund,58.4513,5.9997,24.08,63,84,9.33,NO,1701285348
262,ostersund,63.1792,14.6357,21.65,93,100,9.22,SE,1701285349
263,laojunmiao,39.8333,97.7333,21.74,45,0,4.18,CN,1701285349
264,tofol,5.3248,163.0078,80.24,77,100,3.65,FM,1701285349
265,selfoss,63.9331,-20.9971,34.92,80,99,4.54,IS,1701285350
266,hithadhoo,-0.6,73.0833,82.31,75,58,10.25,MV,1701285351
267,puerto armuelles,8.2833,-82.8667,85.98,86,100,5.01,PA,1701285351
268,balezino,57.9796,53.0106,7.47,99,100,4.54,RU,1701285352
269,saint-joseph,-21.3667,55.6167,73.78,80,45,4.54,RE,1701285352
270,el matama,16.7095,33.3565,85.78,30,27,9.93,SD,1701285352
271,nemuro,43.3236,145.575,29.89,57,49,16.8,JP,1701285353
272,val-d'or,48.1002,-77.7828,21.29,93,100,14.97,CA,1701285353
273,salalah,17.0151,54.0924,78.89,78,40,4.61,OM,1701285354
274,kavaratti,10.5669,72.642,83.7,73,100,9.44,IN,1701285354
275,inirida,3.8653,-67.9239,89.76,58,96,1.74,CO,1701285354
276,san antero,9.3741,-75.7589,85.39,74,97,8.08,CO,1701285355
277,nyurba,63.2842,118.3319,8.47,87,100,11.72,RU,1701285355
278,mata-utu,-13.2816,-176.1745,83.73,75,97,16.13,WF,1701285355
279,tatui,-23.3556,-47.8569,80.62,66,55,10.07,BR,1701285355
280,laval,45.57,-73.692,31.86,66,75,10.36,CA,1701285283
281,kailua-kona,19.6406,-155.9956,75.6,98,100,19.57,US,1701285294
282,siofok,46.9041,18.058,33.26,70,6,5.84,HU,1701285356
283,san sebastian de la gomera,28.0916,-17.1133,70.38,73,75,5.75,ES,1701285356
284,tamanrasset,22.785,5.5228,58.91,11,0,4.61,DZ,1701285357
285,tongliao,43.6125,122.2653,5.23,86,5,8.57,CN,1701285357
286,aguilas,37.4063,-1.5829,62.51,71,87,4.59,ES,1701285357
287,murzuq,25.9155,13.9184,65.5,20,0,6.49,LY,1701285357
288,ipatinga,-19.4683,-42.5367,86.07,45,0,5.75,BR,1701285198
289,el calafate,-50.3408,-72.2768,49.06,52,7,10.16,AR,1701285358
290,novodvinsk,64.4165,40.8122,13.78,98,100,3.6,RU,1701285358
291,iskateley,67.6803,53.1512,8.02,93,93,10.0,RU,1701285358
292,waddan,29.1614,16.139,63.46,27,64,1.52,LY,1701285359
293,la passe,45.5549,-0.8967,43.03,92,100,14.23,FR,1701285359
294,talcahuano,-36.7167,-73.1167,65.88,55,0,19.57,CL,1701285360
295,west hollywood,34.09,-118.3617,67.28,56,40,6.91,US,1701285360
296,begoro,6.3871,-0.3774,77.09,76,98,4.05,GH,1701285360
297,arroyito,-31.4202,-63.05,64.62,81,100,17.36,AR,1701285360
298,medak,18.0333,78.2667,70.56,75,48,6.58,IN,1701285361
299,tralee,52.2704,-9.7026,36.3,96,34,8.9,IE,1701285361
300,hovd,48.0056,91.6419,10.67,98,65,0.54,MN,1701285361
301,brejinho,-6.1908,-35.3567,83.5,52,49,14.97,BR,1701285361
302,san borja,-14.8167,-66.85,91.58,49,100,6.62,BO,1701285362
303,champerico,14.3,-91.9167,97.34,68,69,6.91,GT,1701285362
304,el alto,-4.2714,-81.2147,80.26,68,31,15.21,PE,1701285362
305,qarqaraly,49.4058,75.4742,37.81,59,100,7.96,KZ,1701285363
306,praia da vitoria,38.7333,-27.0667,61.75,94,75,30.06,PT,1701285363
307,papao,-17.75,-149.55,85.68,86,83,23.64,PF,1701285363
308,cidreira,-30.1811,-50.2056,72.64,84,36,18.23,BR,1701285132
309,fortuna,40.5982,-124.1573,62.92,61,0,1.99,US,1701285364
310,coronel dorrego,-38.7187,-61.2873,87.19,10,0,11.21,AR,1701285364
311,terrace,54.5163,-128.6035,39.22,81,100,16.11,CA,1701285365
312,masjed soleyman,31.9364,49.3039,63.95,61,100,1.72,IR,1701285365
313,dehdasht,30.7949,50.5646,58.71,68,93,0.94,IR,1701285365
314,lagunas,-5.2269,-75.6753,94.33,44,28,1.23,PE,1701285365
315,lelydorp,5.7,-55.2333,91.49,62,20,9.22,SR,1701285366
316,hastings,50.8552,0.5729,38.52,42,100,9.82,GB,1701285226
317,kharabali,47.4196,47.2568,42.48,69,100,16.67,RU,1701285366
318,linfen,36.0889,111.5189,31.08,21,16,1.83,CN,1701285366
319,papatowai,-46.5619,169.4708,48.4,82,100,10.02,NZ,1701285367
320,al mahwit,15.4701,43.5448,57.88,74,100,0.6,YE,1701285367
321,pandan,14.0453,124.1694,79.41,83,42,10.98,PH,1701285367
322,new norfolk,-42.7826,147.0587,54.91,95,100,2.73,AU,1701285367
323,arrifes,37.7667,-25.7,60.93,94,75,14.97,PT,1701285367
324,vodnyy,63.5046,53.4095,21.42,97,100,2.95,RU,1701285368
325,siem reap,13.5,104.0,73.83,76,100,3.62,KH,1701285368
326,wailua homesteads,22.0669,-159.378,71.13,92,100,8.05,US,1701285368
327,st. john's,47.5649,-52.7093,37.89,92,100,14.97,CA,1701285242
328,laminusa,5.5549,120.9136,82.17,77,100,5.41,PH,1701285369
329,benghazi,32.1167,20.0667,69.49,59,100,8.39,LY,1701285370
330,mahibadhoo,3.7833,72.9667,81.93,77,46,5.35,MV,1701285370
331,ak'ordat,15.5486,37.8867,81.1,37,0,4.7,ER,1701285370
332,puerto rico,-26.796,-55.024,94.64,47,3,3.6,AR,1701285371
333,kharp,66.8014,65.8081,17.74,96,100,4.27,RU,1701285371
334,loreto,22.2667,-101.9667,68.63,45,93,8.97,MX,1701285371
335,molalla,45.1473,-122.577,41.23,80,100,0.0,US,1701285372
336,mancio lima,-7.6142,-72.8958,89.67,55,75,5.75,BR,1701285372
337,chabahar,25.2919,60.643,76.66,67,5,8.9,IR,1701285372
338,mount isa,-20.7333,139.5,76.77,73,99,4.61,AU,1701285373
339,ketchikan,55.3422,-131.6461,42.78,81,100,4.61,US,1701285373
340,poronaysk,49.2167,143.1167,15.42,88,100,10.71,RU,1701285373
341,bubaque,11.2833,-15.8333,82.4,56,9,10.87,GW,1701285374
342,homer,59.6425,-151.5483,39.09,73,20,11.5,US,1701285374
343,cedeira,43.6797,-8.0209,56.97,54,100,17.81,ES,1701285374
344,isangel,-19.55,169.2667,75.31,94,75,0.0,VU,1701285375
345,bairnsdale,-37.8333,147.6167,58.05,99,100,8.01,AU,1701285375
346,yeniseysk,58.4497,92.1703,7.95,71,100,5.01,RU,1701285376
347,lycksele,64.5954,18.6735,21.07,86,100,9.22,SE,1701285376
348,puerto escondido,15.85,-97.0667,86.83,62,40,5.75,MX,1701285377
349,ilha de mocambique,-15.0342,40.7358,81.9,82,0,17.9,MZ,1701285377
350,sarangani,5.4033,125.4636,82.27,77,100,12.26,PH,1701285377
351,severo-yeniseyskiy,60.3725,93.0408,13.53,97,100,2.28,RU,1701285378
352,lerwick,60.1545,-1.1494,39.2,71,99,19.42,GB,1701285378
353,al bahah,20.0129,41.4677,63.82,58,5,2.62,SA,1701285378
354,demirci,39.0461,28.6589,47.77,98,100,5.79,TR,1701285379
355,la cruz,23.9167,-106.9,81.73,40,96,8.9,MX,1701285109
356,nanakuli,21.3906,-158.1547,74.1,91,100,8.05,US,1701285379
357,portage la prairie,49.9728,-98.2926,41.11,58,20,14.97,CA,1701285380
358,damara,4.9608,18.7035,75.09,86,100,4.88,CF,1701285380
359,ugurludag,40.4463,34.4526,50.5,67,100,8.59,TR,1701285380
360,urussu,54.5981,53.4631,12.2,98,66,3.2,RU,1701285381
361,san felice circeo,41.2372,13.0942,51.57,59,11,9.35,IT,1701285381
362,vilyuchinsk,52.9306,158.4028,23.27,90,100,8.84,RU,1701285381
363,tchintabaraden,15.8969,5.7985,83.62,16,0,9.28,NE,1701285382
364,molde,62.7375,7.1591,26.44,63,0,8.05,NO,1701285382
365,bahia de caraquez,-0.6,-80.4167,79.27,71,76,11.18,EC,1701285382
366,ouadda,8.0777,22.4007,73.69,46,100,2.33,CF,1701285383
367,radyvyliv,50.1299,25.2558,19.13,95,68,10.65,UA,1701285383
368,hotan,37.0997,79.9269,36.97,29,96,1.61,CN,1701285383
369,mae ramat,16.984,98.5166,74.8,94,100,1.72,TH,1701285383
370,tomohon,1.3346,124.8392,67.14,94,58,1.32,ID,1701285384
371,miri,4.4148,114.0089,78.94,100,40,3.44,MY,1701285384
372,crucecita,-28.95,-58.9833,89.85,62,44,7.38,AR,1701285384
373,orsa,54.5153,30.4053,32.38,98,100,11.72,BY,1701285384
374,tangalle,6.024,80.7911,75.36,87,100,6.2,LK,1701285385
375,port saint john's,-31.6229,29.5448,66.9,66,86,6.22,ZA,1701285385
376,aksu,41.1231,80.2644,36.34,46,15,4.41,CN,1701285385
377,lijiang,26.8688,100.2207,42.66,67,100,3.56,CN,1701285385
378,zofingen,47.2878,7.9459,36.63,94,100,2.62,CH,1701285386
379,kambia,9.1167,-12.9167,79.32,82,100,3.38,SL,1701285386
380,chiknayakanhalli,13.4172,76.6228,69.4,86,100,7.09,IN,1701285386
381,kudahuvadhoo,2.6708,72.8944,81.88,76,18,2.82,MV,1701285386
382,marathon,44.9,-89.7668,37.87,69,0,12.66,US,1701285387
383,thunder bay,48.4001,-89.3168,35.58,69,75,10.36,CA,1701285228
384,pitimbu,-7.4706,-34.8086,84.79,69,20,12.95,BR,1701285387
385,san patricio,28.017,-97.5169,71.55,79,100,12.08,US,1701285387
386,pielavesi,63.2333,26.75,11.39,99,86,3.83,FI,1701285388
387,zhlobin,52.8926,30.024,29.68,97,100,15.35,BY,1701285388
388,isla mujeres,21.2311,-86.731,77.16,69,100,16.33,MX,1701285388
389,kabo,7.6994,18.629,82.63,41,55,4.18,CF,1701285388
390,ndjole,-0.1783,10.7649,76.93,93,61,2.59,GA,1701285388
391,puerto carreno,6.189,-67.4859,93.18,52,20,5.75,CO,1701285389
392,sungai penuh,-2.0833,101.3833,66.72,99,100,1.23,ID,1701285389
393,rio gallegos,-51.6226,-69.2181,57.25,23,100,9.22,AR,1701285389
394,kerikeri,-35.2268,173.9474,56.91,91,9,3.78,NZ,1701285390
395,koysinceq,36.0821,44.6278,49.64,55,0,1.68,IQ,1701285390
396,edd,13.9297,41.6925,82.11,69,21,15.05,ER,1701285390
397,kapuskasing,49.4169,-82.4331,26.69,86,100,9.22,CA,1701285125
398,melekeok village,7.4957,134.6367,81.91,84,83,14.03,PW,1701285391
399,tommot,58.9564,126.2925,4.82,92,100,10.6,RU,1701285391
400,barranca,-10.75,-77.7667,71.98,68,16,12.12,PE,1701285391
401,huazhou,21.6333,110.5833,70.48,86,100,4.56,CN,1701285391
402,yemva,62.59,50.8594,22.64,98,100,3.0,RU,1701285392
403,hancheng,32.5186,112.3522,40.14,32,100,9.51,CN,1701285392
404,kutum,14.2,24.6667,71.19,25,21,9.33,SD,1701285392
405,saarijarvi,62.7049,25.254,24.96,99,100,3.85,FI,1701285392
406,labytnangi,66.6572,66.4183,15.49,95,100,10.33,RU,1701285393
407,salinopolis,-0.6136,-47.3561,82.78,74,28,11.5,BR,1701285393
408,port moresby,-9.4431,147.1797,76.53,90,96,2.84,PG,1701285393
409,yeppoon,-23.1333,150.7333,78.58,96,27,4.07,AU,1701285394
410,ust'-kut,56.7938,105.7672,6.44,87,100,5.01,RU,1701285394
411,ushibukamachi,32.1906,130.0228,55.72,82,100,22.15,JP,1701285394
412,micheweni,-4.9667,39.8333,81.34,85,22,12.48,TZ,1701285394
413,humaita,-7.5061,-63.0208,88.84,56,90,3.49,BR,1701285394
414,ola,59.5833,151.2833,8.29,83,99,6.71,RU,1701285395
415,utrik,11.2278,169.8474,81.23,66,100,21.32,MH,1701285395
416,bolgar,54.95,49.0667,18.03,99,90,4.83,RU,1701285395
417,mokhsogollokh,61.4681,128.9203,-1.08,93,100,8.21,RU,1701285395
418,viedma,-40.8135,-62.9967,84.72,14,0,3.27,AR,1701285396
419,karratha,-20.7377,116.8463,75.34,58,0,12.44,AU,1701285396
420,ad dilam,23.9915,47.1627,66.61,40,0,8.55,SA,1701285396
421,mutare,-18.9707,32.6709,70.29,62,58,3.24,ZW,1701285396
422,mangai,-4.05,19.5333,70.65,99,100,2.42,CD,1701285397
423,sao gabriel da cachoeira,-0.1303,-67.0892,78.6,94,75,8.05,BR,1701285397
424,tolanaro,-25.0319,46.9987,77.22,74,0,4.16,MG,1701285398
425,reggane,26.7158,0.1714,64.78,13,0,3.38,DZ,1701285398
426,batang,-6.4846,110.7083,79.36,85,89,4.14,ID,1701285142
427,montpon-menesterol,45.0,0.1667,42.78,95,100,8.9,FR,1701285398
428,antofagasta,-23.65,-70.4,69.08,68,35,10.13,CL,1701285399
429,ylitornio,66.3089,23.6773,22.3,94,100,8.55,FI,1701285399
430,berezovyy,51.6667,135.7,-2.96,83,13,2.82,RU,1701285399
431,yarmouth,41.7057,-70.2286,37.99,45,0,16.11,US,1701285399
432,altai,46.3722,96.2583,6.85,46,0,2.1,MN,1701285399
433,rabo de peixe,37.8,-25.5833,61.99,99,75,14.97,PT,1701285400
434,lethem,3.3803,-59.7968,94.75,34,13,13.94,GY,1701285400
435,mayo,38.8876,-76.5119,41.45,34,0,9.22,US,1701285400
436,amuntai,-2.4177,115.2494,74.95,97,100,1.14,ID,1701285400
437,zabol,32.25,67.25,45.54,37,36,6.24,AF,1701285401
438,kununurra,-15.7667,128.7333,80.58,89,8,4.61,AU,1701285401
439,manokwari,-0.8667,134.0833,78.53,80,96,3.53,ID,1701285401
440,penza,53.2007,45.0046,27.25,82,100,5.99,RU,1701285402
441,catalao,-18.1658,-47.9464,73.67,71,100,9.48,BR,1701285250
442,pacific grove,36.6177,-121.9166,63.43,75,20,4.61,US,1701285402
443,zeerust,-25.5369,26.0751,71.82,49,100,3.62,ZA,1701285402
444,siracusa,37.0881,15.2792,58.59,68,4,7.34,IT,1701285402
445,umm kaddadah,13.6017,26.6876,75.04,24,55,13.11,SD,1701285403
446,dunedin,-45.8742,170.5036,50.81,70,72,5.01,NZ,1701285391
447,yinchuan,38.4681,106.2731,21.06,25,0,3.09,CN,1701285403
448,oriximina,-1.7656,-55.8661,87.13,56,97,4.29,BR,1701285404
449,bandon,51.7469,-8.7425,40.59,93,53,9.33,IE,1701285404
450,ishigaki,24.3448,124.1572,73.53,88,75,3.44,JP,1701285404
451,el colorado,-26.3081,-59.3729,98.49,42,0,8.01,AR,1701285405
452,mogocha,53.7333,119.7667,0.46,89,100,3.09,RU,1701285405
453,roma,43.2128,-75.4557,31.82,63,75,8.05,US,1701285241
454,erenhot,43.6475,111.9767,5.4,85,5,6.55,CN,1701285405
455,zeya,53.75,127.2667,2.48,58,75,4.07,RU,1701285406
456,guroymak,38.5774,42.0281,34.0,56,65,2.37,TR,1701285406
457,brisas de zicatela,15.8369,-97.0419,86.52,62,40,5.75,MX,1701285406
458,rio preto da eva,-2.6994,-59.6997,91.15,48,100,1.14,BR,1701285406
459,tank,32.2217,70.3793,67.26,29,10,3.2,PK,1701285407
460,kem',64.9555,34.5793,15.84,97,98,3.74,RU,1701285410
461,cabo san lucas,22.8909,-109.9124,85.6,67,0,10.36,MX,1701285183
462,oltinko'l,40.8011,72.1634,54.73,56,100,3.04,UZ,1701285410
463,santana,-0.0583,-51.1817,93.38,49,40,12.66,BR,1701285410
464,opuwo,-18.0607,13.84,73.27,68,100,10.51,NA,1701285411
465,mogadishu,2.0371,45.3438,82.04,76,28,16.84,SO,1701285411
466,poso,-1.3959,120.7524,78.03,85,100,2.8,ID,1701285412
467,spring valley,36.108,-115.245,57.81,27,75,3.44,US,1701285241
468,kas,36.2018,29.6377,60.22,80,34,1.45,TR,1701285412
469,acajutla,13.5928,-89.8275,87.98,52,100,5.32,SV,1701285412
470,tadine,-21.55,167.8833,72.64,77,75,6.64,NC,1701285413
471,najaf,31.9985,44.3398,59.04,42,0,8.88,IQ,1701285413
472,xining,36.6167,101.7667,24.19,74,45,1.45,CN,1701285413
473,geraldton,-28.7667,114.6,61.21,88,54,8.05,AU,1701285413
474,fabens,31.5023,-106.1586,64.27,43,0,2.89,US,1701285414
475,ljusdal,61.8288,16.0913,22.42,93,98,7.58,SE,1701285414
476,guerrero negro,27.9769,-114.0611,67.68,55,4,17.9,MX,1701285414
477,olavarria,-36.8927,-60.3225,82.6,35,86,8.32,AR,1701285414
478,ndibene dahra,15.3338,-15.4766,84.6,13,0,7.02,SN,1701285415
479,joacaba,-27.1781,-51.5047,81.84,69,3,6.15,BR,1701285282
480,oppdal,62.5943,9.6912,8.74,92,100,7.31,NO,1701285415
481,natal,-5.795,-35.2094,84.85,65,0,14.97,BR,1701285323
482,kahriz,34.3838,47.0553,39.27,81,0,2.3,IR,1701285416
483,lata,40.1629,-8.3327,62.82,95,99,7.67,PT,1701285416
484,neyshabur,36.2133,58.7958,46.45,70,19,2.55,IR,1701285416
485,villers-cotterets,49.2531,3.09,42.46,89,100,6.26,FR,1701285417
486,baijiantan,45.6333,85.1833,34.57,41,47,7.85,CN,1701285417
487,akrehamn,59.2667,5.1833,32.0,54,0,6.91,NO,1701285417
488,armidale,-30.5167,151.65,51.64,88,3,6.96,AU,1701285417
489,huarmey,-10.0681,-78.1522,73.99,70,36,11.72,PE,1701285417
490,robore,-18.3333,-59.75,96.89,44,40,17.27,BO,1701285418
491,jesup,31.6074,-81.8854,57.34,28,0,0.0,US,1701285419
492,tocoa,15.6833,-86.0,83.82,67,100,4.83,HN,1701285321
493,ocean city,39.2776,-74.5746,39.11,51,10,8.99,US,1701285419
494,puntarenas,9.9763,-84.8384,85.64,63,95,4.32,CR,1701285420
495,gerash,27.6652,54.1371,57.34,33,100,2.57,IR,1701285420
496,hinthada,17.6333,95.4667,72.19,69,100,9.08,MM,1701285420
497,bouar,5.934,15.596,71.55,73,29,1.68,CF,1701285420
498,vico del gargano,41.8983,15.9576,44.06,66,61,7.96,IT,1701285421
499,joseni,46.7,25.5,14.77,99,87,3.51,RO,1701285421
500,tanout,14.9709,8.8879,81.27,19,2,10.94,NE,1701285421
501,tual,-5.6667,132.75,83.25,74,31,5.23,ID,1701285421
502,necochea,-38.5473,-58.7368,77.32,54,100,9.48,AR,1701285422
503,fale old settlement,-9.3852,-171.2468,84.33,74,97,14.79,TK,1701285422
504,san antonio oeste,-40.7319,-64.9477,81.75,23,0,15.95,AR,1701285423
505,cairo,30.0626,31.2497,66.96,63,0,8.05,EG,1701285423
506,genhe,50.7833,121.5167,-12.03,99,100,3.36,CN,1701285423
507,kargat,55.1956,80.2811,22.3,82,100,7.63,RU,1701285423
508,haiku-pauwela,20.9219,-156.3051,73.04,92,100,6.91,US,1701285424
509,colares,38.7992,-9.4469,65.34,96,77,20.0,PT,1701285424
510,rouissat,31.9243,5.3502,64.47,24,0,4.61,DZ,1701285424
511,lensk,60.7253,114.9278,0.7,90,96,13.82,RU,1701285424
512,keflavik,64.0049,-22.5624,37.83,93,40,5.75,IS,1701285425
513,maun,-19.9833,23.4167,84.16,37,0,0.0,BW,1701285425
514,shingu,33.7333,135.9833,50.05,77,100,5.55,JP,1701285425
515,caldas novas,-17.7417,-48.625,79.95,62,97,10.65,BR,1701285425
516,buka,40.8108,69.1986,49.98,80,100,7.52,UZ,1701285426
517,sao joao da barra,-21.6403,-41.0511,84.29,85,100,9.53,BR,1701285427
518,rusape,-18.5278,32.1284,71.42,52,81,5.06,ZW,1701285428
519,rebrikha,53.0733,82.3408,31.95,56,100,5.95,RU,1701285428
520,malvan,16.0667,73.4667,78.04,77,17,11.5,IN,1701285429
521,tomatlan,19.9333,-105.25,88.09,46,100,4.52,MX,1701285429
522,parambu,-6.2111,-40.6944,93.18,28,14,5.88,BR,1701285429
523,garissa,-0.4536,39.6401,82.4,69,100,8.97,KE,1701285429
524,qarazhal,48.0078,70.7903,40.19,87,100,16.2,KZ,1701285430
525,kendari,-3.945,122.4989,76.96,89,100,1.54,ID,1701285430
526,merizo village,13.2658,144.6691,82.13,92,37,19.53,GU,1701285431
527,madingou,-4.1536,13.55,74.7,93,91,1.14,CG,1701285431
528,villa gesell,-37.2639,-56.973,63.75,86,100,6.69,AR,1701285431
529,el granada,37.5027,-122.4694,61.16,80,75,5.75,US,1701285432
530,eirunepe,-6.6603,-69.8736,88.18,59,100,2.35,BR,1701285432
531,prince rupert,54.3161,-130.3201,46.09,85,100,16.11,CA,1701285154
532,chibuto,-24.6867,33.5306,69.93,75,100,17.69,MZ,1701285433
533,tazacorte,28.629,-17.9293,70.77,85,20,16.11,ES,1701285433
534,karditsa,39.3656,21.9217,49.59,77,34,5.5,GR,1701285433
535,labuan,5.2767,115.2417,82.76,78,20,3.44,MY,1701285434
536,savanna-la-mar,18.219,-78.1332,87.93,59,92,4.54,JM,1701285434
537,kegeyli shahar,42.7767,59.6078,30.29,64,0,7.56,UZ,1701285434
538,hasaki,35.7333,140.8333,41.4,46,100,11.81,JP,1701285435
539,'ain el melh,34.8415,4.1638,54.54,43,7,3.13,DZ,1701285435
540,yaren,-0.5472,166.916,82.62,75,100,7.9,NR,1701285435
541,sotouboua,8.5667,0.9833,85.86,41,21,2.64,TG,1701285435
542,fort wellington,6.4,-57.6,85.03,61,99,8.88,GY,1701285436
543,puerto san jose,13.9256,-90.8244,85.73,56,100,6.78,GT,1701285436
544,lorengau,-2.0226,147.2712,81.54,78,100,5.86,PG,1701285436
545,inda silase,14.1031,38.2829,61.0,40,5,10.04,ET,1701285436
546,ponta delgada,37.7333,-25.6667,63.19,94,75,14.97,PT,1701285436
547,honefoss,60.168,10.2565,28.15,93,100,8.1,NO,1701285437
548,turgenevo,54.8455,46.3297,15.13,95,100,6.44,RU,1701285437
549,karasu,41.071,30.7854,57.4,78,99,6.46,TR,1701285437
550,gretna,29.9147,-90.054,64.0,40,75,9.22,US,1701285438
551,aswan,24.0934,32.907,72.01,24,100,8.72,EG,1701285438
552,coquimbo,-29.9533,-71.3436,65.93,68,0,13.8,CL,1701285424
553,ngorongoro,-3.2397,35.4875,56.34,89,67,2.48,TZ,1701285438
554,ingeniero jacobacci,-41.3427,-69.5448,63.19,38,45,24.11,AR,1701285439
555,tabuk,17.4189,121.4443,74.01,95,99,1.36,PH,1701285439
556,kachug,53.9606,105.8817,-5.49,99,100,2.17,RU,1701285439
557,ca mau,9.1769,105.15,75.76,95,100,6.04,VN,1701285440
558,nagato,34.3833,131.2,51.03,71,100,20.31,JP,1701285440
559,martapura,-3.4167,114.85,78.89,100,100,3.44,ID,1701285440
560,sarykemer,43.0,71.5,45.88,75,100,7.9,KZ,1701285441
561,fort mcmurray,56.7268,-111.381,29.79,86,100,8.05,CA,1701285441
562,taltal,-25.4,-70.4833,67.01,69,25,7.49,CL,1701285441
563,harnosand,62.6323,17.9379,28.4,93,100,12.64,SE,1701285442
564,pacasmayo,-7.4006,-79.5714,72.91,70,36,13.78,PE,1701285442
565,jiwani,25.05,61.7417,76.77,65,6,11.86,PK,1701285443
566,kloulklubed,7.0419,134.2556,83.28,80,35,17.29,PW,1701285443
567,flying fish cove,-10.4217,105.6791,76.68,83,75,9.22,CX,1701285444
568,yuxi,24.355,102.5422,50.36,92,100,2.55,CN,1701285444
569,aykhal,66.0,111.5,10.96,73,100,22.32,RU,1701285444
570,chui,-33.6971,-53.4616,69.28,88,100,10.18,UY,1701285445
571,spearfish,44.4908,-103.8594,56.88,13,0,16.11,US,1701285445
572,loukhi,66.0764,33.0381,23.22,97,100,5.86,RU,1701285445
573,akureyri,65.6835,-18.0878,30.13,100,75,0.0,IS,1701285445
574,caleta de carquin,-11.0925,-77.6267,72.5,70,13,12.88,PE,1701285446
575,amga,60.8953,131.9608,-12.51,100,100,2.01,RU,1701285447
576,carahue,-38.7,-73.1667,66.43,49,4,8.48,CL,1701285433
577,sarpang,26.864,90.2674,62.19,64,3,4.72,BT,1701285449
578,maua,-23.6678,-46.4614,79.36,67,28,13.71,BR,1701285449
579,chipinge,-20.1883,32.6236,73.17,57,55,7.9,ZW,1701285450
580,nuku'alofa,-21.1333,-175.2,79.14,89,75,4.61,TO,1701285451
581,yuzhno-kurilsk,44.0306,145.8556,33.37,54,53,20.54,RU,1701285457
582,ganghwa-gun,37.7472,126.4856,22.89,52,5,14.29,KR,1701285457
583,guiuan,11.0333,125.7247,82.63,80,98,15.28,PH,1701285457
584,abu dhabi,24.4667,54.3667,80.94,63,20,10.36,AE,1701285324
585,qaryat suluq,31.6682,20.2521,64.53,59,100,4.99,LY,1701285458
586,happy valley-goose bay,53.3168,-60.3315,25.11,63,75,11.5,CA,1701285312
587,takab,36.4009,47.1133,37.85,36,4,1.03,IR,1701285458
